"filename", "language", "XML", "Ignore", "JSON with Comments", "TypeScript", "HTML", "pip requirements", "Markdown", "JSON", "JavaScript", "YAML", "CSS", "SCSS", "vue", "Python", "comment", "blank", "total"
"c:\Users\robot\Documents\GitHub\bakalauras\.idea\bakalauras.iml", "XML", 8, 0, 0, 0, 0, 0, 0, 0, 0, 0, 0, 0, 0, 0, 0, 0, 8
"c:\Users\robot\Documents\GitHub\bakalauras\.idea\inspectionProfiles\profiles_settings.xml", "XML", 6, 0, 0, 0, 0, 0, 0, 0, 0, 0, 0, 0, 0, 0, 0, 0, 6
"c:\Users\robot\Documents\GitHub\bakalauras\.idea\misc.xml", "XML", 7, 0, 0, 0, 0, 0, 0, 0, 0, 0, 0, 0, 0, 0, 0, 0, 7
"c:\Users\robot\Documents\GitHub\bakalauras\.idea\modules.xml", "XML", 8, 0, 0, 0, 0, 0, 0, 0, 0, 0, 0, 0, 0, 0, 0, 0, 8
"c:\Users\robot\Documents\GitHub\bakalauras\.idea\vcs.xml", "XML", 6, 0, 0, 0, 0, 0, 0, 0, 0, 0, 0, 0, 0, 0, 0, 0, 6
"c:\Users\robot\Documents\GitHub\bakalauras\Front\Frontend\.eslintrc.cjs", "JavaScript", 0, 0, 0, 0, 0, 0, 0, 0, 180, 0, 0, 0, 0, 0, 32, 36, 248
"c:\Users\robot\Documents\GitHub\bakalauras\Front\Frontend\.prettierignore", "Ignore", 0, 2, 0, 0, 0, 0, 0, 0, 0, 0, 0, 0, 0, 0, 0, 0, 2
"c:\Users\robot\Documents\GitHub\bakalauras\Front\Frontend\.prettierrc.json", "JSON", 0, 0, 0, 0, 0, 0, 0, 20, 0, 0, 0, 0, 0, 0, 0, 0, 20
"c:\Users\robot\Documents\GitHub\bakalauras\Front\Frontend\.stylelintrc.json", "JSON", 0, 0, 0, 0, 0, 0, 0, 46, 0, 0, 0, 0, 0, 0, 0, 1, 47
"c:\Users\robot\Documents\GitHub\bakalauras\Front\Frontend\README.md", "Markdown", 0, 0, 0, 0, 0, 0, 21, 0, 0, 0, 0, 0, 0, 0, 0, 15, 36
"c:\Users\robot\Documents\GitHub\bakalauras\Front\Frontend\auto-imports.d.ts", "TypeScript", 0, 0, 0, 678, 0, 0, 0, 0, 0, 0, 0, 0, 0, 0, 9, 1, 688
"c:\Users\robot\Documents\GitHub\bakalauras\Front\Frontend\components.d.ts", "TypeScript", 0, 0, 0, 15, 0, 0, 0, 0, 0, 0, 0, 0, 0, 0, 5, 2, 22
"c:\Users\robot\Documents\GitHub\bakalauras\Front\Frontend\env.d.ts", "TypeScript", 0, 0, 0, 12, 0, 0, 0, 0, 0, 0, 0, 0, 0, 0, 0, 1, 13
"c:\Users\robot\Documents\GitHub\bakalauras\Front\Frontend\index.html", "HTML", 0, 0, 0, 0, 47, 0, 0, 0, 0, 0, 0, 0, 0, 0, 1, 6, 54
"c:\Users\robot\Documents\GitHub\bakalauras\Front\Frontend\package-lock.json", "JSON", 0, 0, 0, 0, 0, 0, 0, 11971, 0, 0, 0, 0, 0, 0, 0, 1, 11972
"c:\Users\robot\Documents\GitHub\bakalauras\Front\Frontend\package.json", "JSON", 0, 0, 0, 0, 0, 0, 0, 94, 0, 0, 0, 0, 0, 0, 0, 1, 95
"c:\Users\robot\Documents\GitHub\bakalauras\Front\Frontend\pnpm-lock.yaml", "YAML", 0, 0, 0, 0, 0, 0, 0, 0, 0, 5602, 0, 0, 0, 0, 0, 1467, 7069
"c:\Users\robot\Documents\GitHub\bakalauras\Front\Frontend\public\loader.css", "CSS", 0, 0, 0, 0, 0, 0, 0, 0, 0, 0, 67, 0, 0, 0, 0, 13, 80
"c:\Users\robot\Documents\GitHub\bakalauras\Front\Frontend\shims.d.ts", "TypeScript", 0, 0, 0, 11, 0, 0, 0, 0, 0, 0, 0, 0, 0, 0, 0, 4, 15
"c:\Users\robot\Documents\GitHub\bakalauras\Front\Frontend\src\@core\components\MoreBtn.vue", "vue", 0, 0, 0, 0, 0, 0, 0, 0, 0, 0, 0, 0, 25, 0, 0, 4, 29
"c:\Users\robot\Documents\GitHub\bakalauras\Front\Frontend\src\@core\components\ThemeSwitcher.vue", "vue", 0, 0, 0, 0, 0, 0, 0, 0, 0, 0, 0, 0, 28, 0, 0, 6, 34
"c:\Users\robot\Documents\GitHub\bakalauras\Front\Frontend\src\@core\components\cards\CardStatisticsHorizontal.vue", "vue", 0, 0, 0, 0, 0, 0, 0, 0, 0, 0, 0, 0, 49, 0, 0, 5, 54
"c:\Users\robot\Documents\GitHub\bakalauras\Front\Frontend\src\@core\components\cards\CardStatisticsVertical.vue", "vue", 0, 0, 0, 0, 0, 0, 0, 0, 0, 0, 0, 0, 63, 0, 0, 9, 72
"c:\Users\robot\Documents\GitHub\bakalauras\Front\Frontend\src\@core\components\cards\CardStatisticsWithImages.vue", "vue", 0, 0, 0, 0, 0, 0, 0, 0, 0, 0, 0, 0, 58, 0, 0, 8, 66
"c:\Users\robot\Documents\GitHub\bakalauras\Front\Frontend\src\@core\scss\base\_components.scss", "SCSS", 0, 0, 0, 0, 0, 0, 0, 0, 0, 0, 0, 152, 0, 0, 11, 29, 192
"c:\Users\robot\Documents\GitHub\bakalauras\Front\Frontend\src\@core\scss\base\_dark.scss", "SCSS", 0, 0, 0, 0, 0, 0, 0, 0, 0, 0, 0, 10, 0, 0, 3, 4, 17
"c:\Users\robot\Documents\GitHub\bakalauras\Front\Frontend\src\@core\scss\base\_default-layout-w-vertical-nav.scss", "SCSS", 0, 0, 0, 0, 0, 0, 0, 0, 0, 0, 0, 71, 0, 0, 14, 19, 104
"c:\Users\robot\Documents\GitHub\bakalauras\Front\Frontend\src\@core\scss\base\_default-layout.scss", "SCSS", 0, 0, 0, 0, 0, 0, 0, 0, 0, 0, 0, 14, 0, 0, 0, 3, 17
"c:\Users\robot\Documents\GitHub\bakalauras\Front\Frontend\src\@core\scss\base\_index.scss", "SCSS", 0, 0, 0, 0, 0, 0, 0, 0, 0, 0, 0, 21, 0, 0, 9, 11, 41
"c:\Users\robot\Documents\GitHub\bakalauras\Front\Frontend\src\@core\scss\base\_layouts.scss", "SCSS", 0, 0, 0, 0, 0, 0, 0, 0, 0, 0, 0, 34, 0, 0, 22, 8, 64
"c:\Users\robot\Documents\GitHub\bakalauras\Front\Frontend\src\@core\scss\base\_misc.scss", "SCSS", 0, 0, 0, 0, 0, 0, 0, 0, 0, 0, 0, 17, 0, 0, 2, 2, 21
"c:\Users\robot\Documents\GitHub\bakalauras\Front\Frontend\src\@core\scss\base\_mixins.scss", "SCSS", 0, 0, 0, 0, 0, 0, 0, 0, 0, 0, 0, 45, 0, 0, 8, 11, 64
"c:\Users\robot\Documents\GitHub\bakalauras\Front\Frontend\src\@core\scss\base\_utilities.scss", "SCSS", 0, 0, 0, 0, 0, 0, 0, 0, 0, 0, 0, 136, 0, 0, 17, 32, 185
"c:\Users\robot\Documents\GitHub\bakalauras\Front\Frontend\src\@core\scss\base\_utils.scss", "SCSS", 0, 0, 0, 0, 0, 0, 0, 0, 0, 0, 0, 60, 0, 0, 14, 17, 91
"c:\Users\robot\Documents\GitHub\bakalauras\Front\Frontend\src\@core\scss\base\_variables.scss", "SCSS", 0, 0, 0, 0, 0, 0, 0, 0, 0, 0, 0, 119, 0, 0, 47, 33, 199
"c:\Users\robot\Documents\GitHub\bakalauras\Front\Frontend\src\@core\scss\base\_vertical-nav.scss", "SCSS", 0, 0, 0, 0, 0, 0, 0, 0, 0, 0, 0, 190, 0, 0, 23, 47, 260
"c:\Users\robot\Documents\GitHub\bakalauras\Front\Frontend\src\@core\scss\base\libs\_perfect-scrollbar.scss", "SCSS", 0, 0, 0, 0, 0, 0, 0, 0, 0, 0, 0, 29, 0, 0, 0, 7, 36
"c:\Users\robot\Documents\GitHub\bakalauras\Front\Frontend\src\@core\scss\base\libs\vuetify\_index.scss", "SCSS", 0, 0, 0, 0, 0, 0, 0, 0, 0, 0, 0, 1, 0, 0, 0, 1, 2
"c:\Users\robot\Documents\GitHub\bakalauras\Front\Frontend\src\@core\scss\base\libs\vuetify\_overrides.scss", "SCSS", 0, 0, 0, 0, 0, 0, 0, 0, 0, 0, 0, 173, 0, 0, 47, 38, 258
"c:\Users\robot\Documents\GitHub\bakalauras\Front\Frontend\src\@core\scss\base\libs\vuetify\_variables.scss", "SCSS", 0, 0, 0, 0, 0, 0, 0, 0, 0, 0, 0, 36, 0, 0, 13, 16, 65
"c:\Users\robot\Documents\GitHub\bakalauras\Front\Frontend\src\@core\scss\base\placeholders\_default-layout-vertical-nav.scss", "SCSS", 0, 0, 0, 0, 0, 0, 0, 0, 0, 0, 0, 35, 0, 0, 5, 6, 46
"c:\Users\robot\Documents\GitHub\bakalauras\Front\Frontend\src\@core\scss\base\placeholders\_default-layout.scss", "SCSS", 0, 0, 0, 0, 0, 0, 0, 0, 0, 0, 0, 3, 0, 0, 0, 1, 4
"c:\Users\robot\Documents\GitHub\bakalauras\Front\Frontend\src\@core\scss\base\placeholders\_index.scss", "SCSS", 0, 0, 0, 0, 0, 0, 0, 0, 0, 0, 0, 5, 0, 0, 0, 1, 6
"c:\Users\robot\Documents\GitHub\bakalauras\Front\Frontend\src\@core\scss\base\placeholders\_misc.scss", "SCSS", 0, 0, 0, 0, 0, 0, 0, 0, 0, 0, 0, 5, 0, 0, 2, 1, 8
"c:\Users\robot\Documents\GitHub\bakalauras\Front\Frontend\src\@core\scss\base\placeholders\_nav.scss", "SCSS", 0, 0, 0, 0, 0, 0, 0, 0, 0, 0, 0, 20, 0, 0, 7, 7, 34
"c:\Users\robot\Documents\GitHub\bakalauras\Front\Frontend\src\@core\scss\base\placeholders\_vertical-nav.scss", "SCSS", 0, 0, 0, 0, 0, 0, 0, 0, 0, 0, 0, 52, 0, 0, 17, 12, 81
"c:\Users\robot\Documents\GitHub\bakalauras\Front\Frontend\src\@core\scss\template\_default-layout-w-vertical-nav.scss", "SCSS", 0, 0, 0, 0, 0, 0, 0, 0, 0, 0, 0, 21, 0, 0, 3, 5, 29
"c:\Users\robot\Documents\GitHub\bakalauras\Front\Frontend\src\@core\scss\template\_mixins.scss", "SCSS", 0, 0, 0, 0, 0, 0, 0, 0, 0, 0, 0, 9, 0, 0, 1, 3, 13
"c:\Users\robot\Documents\GitHub\bakalauras\Front\Frontend\src\@core\scss\template\_utilities.scss", "SCSS", 0, 0, 0, 0, 0, 0, 0, 0, 0, 0, 0, 43, 0, 0, 0, 9, 52
"c:\Users\robot\Documents\GitHub\bakalauras\Front\Frontend\src\@core\scss\template\_utils.scss", "SCSS", 0, 0, 0, 0, 0, 0, 0, 0, 0, 0, 0, 13, 0, 0, 26, 3, 42
"c:\Users\robot\Documents\GitHub\bakalauras\Front\Frontend\src\@core\scss\template\_variables.scss", "SCSS", 0, 0, 0, 0, 0, 0, 0, 0, 0, 0, 0, 28, 0, 0, 15, 14, 57
"c:\Users\robot\Documents\GitHub\bakalauras\Front\Frontend\src\@core\scss\template\_vertical-nav.scss", "SCSS", 0, 0, 0, 0, 0, 0, 0, 0, 0, 0, 0, 36, 0, 0, 7, 9, 52
"c:\Users\robot\Documents\GitHub\bakalauras\Front\Frontend\src\@core\scss\template\index.scss", "SCSS", 0, 0, 0, 0, 0, 0, 0, 0, 0, 0, 0, 5, 0, 0, 2, 4, 11
"c:\Users\robot\Documents\GitHub\bakalauras\Front\Frontend\src\@core\scss\template\libs\apex-chart.scss", "SCSS", 0, 0, 0, 0, 0, 0, 0, 0, 0, 0, 0, 85, 0, 0, 0, 23, 108
"c:\Users\robot\Documents\GitHub\bakalauras\Front\Frontend\src\@core\scss\template\libs\vuetify\_overrides.scss", "SCSS", 0, 0, 0, 0, 0, 0, 0, 0, 0, 0, 0, 29, 0, 0, 4, 6, 39
"c:\Users\robot\Documents\GitHub\bakalauras\Front\Frontend\src\@core\scss\template\libs\vuetify\_variables.scss", "SCSS", 0, 0, 0, 0, 0, 0, 0, 0, 0, 0, 0, 265, 0, 0, 28, 31, 324
"c:\Users\robot\Documents\GitHub\bakalauras\Front\Frontend\src\@core\scss\template\libs\vuetify\components\_alert.scss", "SCSS", 0, 0, 0, 0, 0, 0, 0, 0, 0, 0, 0, 84, 0, 0, 3, 17, 104
"c:\Users\robot\Documents\GitHub\bakalauras\Front\Frontend\src\@core\scss\template\libs\vuetify\components\_avatar.scss", "SCSS", 0, 0, 0, 0, 0, 0, 0, 0, 0, 0, 0, 23, 0, 0, 1, 5, 29
"c:\Users\robot\Documents\GitHub\bakalauras\Front\Frontend\src\@core\scss\template\libs\vuetify\components\_badge.scss", "SCSS", 0, 0, 0, 0, 0, 0, 0, 0, 0, 0, 0, 29, 0, 0, 2, 5, 36
"c:\Users\robot\Documents\GitHub\bakalauras\Front\Frontend\src\@core\scss\template\libs\vuetify\components\_button.scss", "SCSS", 0, 0, 0, 0, 0, 0, 0, 0, 0, 0, 0, 211, 0, 0, 11, 50, 272
"c:\Users\robot\Documents\GitHub\bakalauras\Front\Frontend\src\@core\scss\template\libs\vuetify\components\_cards.scss", "SCSS", 0, 0, 0, 0, 0, 0, 0, 0, 0, 0, 0, 0, 0, 0, 1, 1, 2
"c:\Users\robot\Documents\GitHub\bakalauras\Front\Frontend\src\@core\scss\template\libs\vuetify\components\_checkbox.scss", "SCSS", 0, 0, 0, 0, 0, 0, 0, 0, 0, 0, 0, 35, 0, 0, 2, 6, 43
"c:\Users\robot\Documents\GitHub\bakalauras\Front\Frontend\src\@core\scss\template\libs\vuetify\components\_chip.scss", "SCSS", 0, 0, 0, 0, 0, 0, 0, 0, 0, 0, 0, 78, 0, 0, 1, 21, 100
"c:\Users\robot\Documents\GitHub\bakalauras\Front\Frontend\src\@core\scss\template\libs\vuetify\components\_dialog.scss", "SCSS", 0, 0, 0, 0, 0, 0, 0, 0, 0, 0, 0, 9, 0, 0, 1, 3, 13
"c:\Users\robot\Documents\GitHub\bakalauras\Front\Frontend\src\@core\scss\template\libs\vuetify\components\_expansion-panels.scss", "SCSS", 0, 0, 0, 0, 0, 0, 0, 0, 0, 0, 0, 40, 0, 0, 1, 7, 48
"c:\Users\robot\Documents\GitHub\bakalauras\Front\Frontend\src\@core\scss\template\libs\vuetify\components\_field.scss", "SCSS", 0, 0, 0, 0, 0, 0, 0, 0, 0, 0, 0, 45, 0, 0, 5, 9, 59
"c:\Users\robot\Documents\GitHub\bakalauras\Front\Frontend\src\@core\scss\template\libs\vuetify\components\_list.scss", "SCSS", 0, 0, 0, 0, 0, 0, 0, 0, 0, 0, 0, 15, 0, 0, 4, 4, 23
"c:\Users\robot\Documents\GitHub\bakalauras\Front\Frontend\src\@core\scss\template\libs\vuetify\components\_menu.scss", "SCSS", 0, 0, 0, 0, 0, 0, 0, 0, 0, 0, 0, 5, 0, 0, 1, 1, 7
"c:\Users\robot\Documents\GitHub\bakalauras\Front\Frontend\src\@core\scss\template\libs\vuetify\components\_otp-input.scss", "SCSS", 0, 0, 0, 0, 0, 0, 0, 0, 0, 0, 0, 14, 0, 0, 1, 4, 19
"c:\Users\robot\Documents\GitHub\bakalauras\Front\Frontend\src\@core\scss\template\libs\vuetify\components\_pagination.scss", "SCSS", 0, 0, 0, 0, 0, 0, 0, 0, 0, 0, 0, 141, 0, 0, 3, 29, 173
"c:\Users\robot\Documents\GitHub\bakalauras\Front\Frontend\src\@core\scss\template\libs\vuetify\components\_progress.scss", "SCSS", 0, 0, 0, 0, 0, 0, 0, 0, 0, 0, 0, 1, 0, 0, 1, 2, 4
"c:\Users\robot\Documents\GitHub\bakalauras\Front\Frontend\src\@core\scss\template\libs\vuetify\components\_radio.scss", "SCSS", 0, 0, 0, 0, 0, 0, 0, 0, 0, 0, 0, 40, 0, 0, 1, 7, 48
"c:\Users\robot\Documents\GitHub\bakalauras\Front\Frontend\src\@core\scss\template\libs\vuetify\components\_rating.scss", "SCSS", 0, 0, 0, 0, 0, 0, 0, 0, 0, 0, 0, 0, 0, 0, 13, 2, 15
"c:\Users\robot\Documents\GitHub\bakalauras\Front\Frontend\src\@core\scss\template\libs\vuetify\components\_slider.scss", "SCSS", 0, 0, 0, 0, 0, 0, 0, 0, 0, 0, 0, 23, 0, 0, 1, 5, 29
"c:\Users\robot\Documents\GitHub\bakalauras\Front\Frontend\src\@core\scss\template\libs\vuetify\components\_snackbar.scss", "SCSS", 0, 0, 0, 0, 0, 0, 0, 0, 0, 0, 0, 8, 0, 0, 1, 2, 11
"c:\Users\robot\Documents\GitHub\bakalauras\Front\Frontend\src\@core\scss\template\libs\vuetify\components\_switch.scss", "SCSS", 0, 0, 0, 0, 0, 0, 0, 0, 0, 0, 0, 46, 0, 0, 1, 11, 58
"c:\Users\robot\Documents\GitHub\bakalauras\Front\Frontend\src\@core\scss\template\libs\vuetify\components\_table.scss", "SCSS", 0, 0, 0, 0, 0, 0, 0, 0, 0, 0, 0, 33, 0, 0, 1, 3, 37
"c:\Users\robot\Documents\GitHub\bakalauras\Front\Frontend\src\@core\scss\template\libs\vuetify\components\_tabs.scss", "SCSS", 0, 0, 0, 0, 0, 0, 0, 0, 0, 0, 0, 95, 0, 0, 2, 17, 114
"c:\Users\robot\Documents\GitHub\bakalauras\Front\Frontend\src\@core\scss\template\libs\vuetify\components\_textarea.scss", "SCSS", 0, 0, 0, 0, 0, 0, 0, 0, 0, 0, 0, 0, 0, 0, 1, 1, 2
"c:\Users\robot\Documents\GitHub\bakalauras\Front\Frontend\src\@core\scss\template\libs\vuetify\components\_timeline.scss", "SCSS", 0, 0, 0, 0, 0, 0, 0, 0, 0, 0, 0, 42, 0, 0, 1, 10, 53
"c:\Users\robot\Documents\GitHub\bakalauras\Front\Frontend\src\@core\scss\template\libs\vuetify\components\_tooltip.scss", "SCSS", 0, 0, 0, 0, 0, 0, 0, 0, 0, 0, 0, 5, 0, 0, 1, 2, 8
"c:\Users\robot\Documents\GitHub\bakalauras\Front\Frontend\src\@core\scss\template\libs\vuetify\components\index.scss", "SCSS", 0, 0, 0, 0, 0, 0, 0, 0, 0, 0, 0, 25, 0, 0, 0, 1, 26
"c:\Users\robot\Documents\GitHub\bakalauras\Front\Frontend\src\@core\scss\template\libs\vuetify\index.scss", "SCSS", 0, 0, 0, 0, 0, 0, 0, 0, 0, 0, 0, 3, 0, 0, 0, 1, 4
"c:\Users\robot\Documents\GitHub\bakalauras\Front\Frontend\src\@core\scss\template\pages\misc.scss", "SCSS", 0, 0, 0, 0, 0, 0, 0, 0, 0, 0, 0, 30, 0, 0, 0, 7, 37
"c:\Users\robot\Documents\GitHub\bakalauras\Front\Frontend\src\@core\scss\template\pages\page-auth.scss", "SCSS", 0, 0, 0, 0, 0, 0, 0, 0, 0, 0, 0, 51, 0, 0, 0, 11, 62
"c:\Users\robot\Documents\GitHub\bakalauras\Front\Frontend\src\@core\scss\template\placeholders\_default-layout-vertical-nav.scss", "SCSS", 0, 0, 0, 0, 0, 0, 0, 0, 0, 0, 0, 8, 0, 0, 1, 3, 12
"c:\Users\robot\Documents\GitHub\bakalauras\Front\Frontend\src\@core\scss\template\placeholders\_index.scss", "SCSS", 0, 0, 0, 0, 0, 0, 0, 0, 0, 0, 0, 4, 0, 0, 0, 2, 6
"c:\Users\robot\Documents\GitHub\bakalauras\Front\Frontend\src\@core\scss\template\placeholders\_misc.scss", "SCSS", 0, 0, 0, 0, 0, 0, 0, 0, 0, 0, 0, 5, 0, 0, 2, 1, 8
"c:\Users\robot\Documents\GitHub\bakalauras\Front\Frontend\src\@core\scss\template\placeholders\_nav.scss", "SCSS", 0, 0, 0, 0, 0, 0, 0, 0, 0, 0, 0, 12, 0, 0, 1, 5, 18
"c:\Users\robot\Documents\GitHub\bakalauras\Front\Frontend\src\@core\scss\template\placeholders\_vertical-nav.scss", "SCSS", 0, 0, 0, 0, 0, 0, 0, 0, 0, 0, 0, 65, 0, 0, 13, 17, 95
"c:\Users\robot\Documents\GitHub\bakalauras\Front\Frontend\src\@core\utils\colorConverter.ts", "TypeScript", 0, 0, 0, 22, 0, 0, 0, 0, 0, 0, 0, 0, 0, 0, 8, 6, 36
"c:\Users\robot\Documents\GitHub\bakalauras\Front\Frontend\src\@core\utils\formatters.ts", "TypeScript", 0, 0, 0, 4, 0, 0, 0, 0, 0, 0, 0, 0, 0, 0, 1, 2, 7
"c:\Users\robot\Documents\GitHub\bakalauras\Front\Frontend\src\@core\utils\helpers.ts", "TypeScript", 0, 0, 0, 21, 0, 0, 0, 0, 0, 0, 0, 0, 0, 0, 5, 7, 33
"c:\Users\robot\Documents\GitHub\bakalauras\Front\Frontend\src\@core\utils\plugins.ts", "TypeScript", 0, 0, 0, 9, 0, 0, 0, 0, 0, 0, 0, 0, 0, 0, 40, 6, 55
"c:\Users\robot\Documents\GitHub\bakalauras\Front\Frontend\src\@layouts\components.ts", "TypeScript", 0, 0, 0, 3, 0, 0, 0, 0, 0, 0, 0, 0, 0, 0, 0, 1, 4
"c:\Users\robot\Documents\GitHub\bakalauras\Front\Frontend\src\@layouts\components\TransitionExpand.vue", "vue", 0, 0, 0, 0, 0, 0, 0, 0, 0, 0, 0, 0, 75, 0, 1, 17, 93
"c:\Users\robot\Documents\GitHub\bakalauras\Front\Frontend\src\@layouts\components\VerticalNav.vue", "vue", 0, 0, 0, 0, 0, 0, 0, 0, 0, 0, 0, 0, 159, 0, 2, 27, 188
"c:\Users\robot\Documents\GitHub\bakalauras\Front\Frontend\src\@layouts\components\VerticalNavGroup.vue", "vue", 0, 0, 0, 0, 0, 0, 0, 0, 0, 0, 0, 0, 63, 0, 0, 8, 71
"c:\Users\robot\Documents\GitHub\bakalauras\Front\Frontend\src\@layouts\components\VerticalNavLayout.vue", "vue", 0, 0, 0, 0, 0, 0, 0, 0, 0, 0, 0, 0, 179, 0, 0, 28, 207
"c:\Users\robot\Documents\GitHub\bakalauras\Front\Frontend\src\@layouts\components\VerticalNavLink.vue", "vue", 0, 0, 0, 0, 0, 0, 0, 0, 0, 0, 0, 0, 42, 0, 1, 4, 47
"c:\Users\robot\Documents\GitHub\bakalauras\Front\Frontend\src\@layouts\components\VerticalNavSectionTitle.vue", "vue", 0, 0, 0, 0, 0, 0, 0, 0, 0, 0, 0, 0, 16, 0, 2, 3, 21
"c:\Users\robot\Documents\GitHub\bakalauras\Front\Frontend\src\@layouts\enums.ts", "TypeScript", 0, 0, 0, 23, 0, 0, 0, 0, 0, 0, 0, 0, 0, 0, 0, 5, 28
"c:\Users\robot\Documents\GitHub\bakalauras\Front\Frontend\src\@layouts\index.ts", "TypeScript", 0, 0, 0, 1, 0, 0, 0, 0, 0, 0, 0, 0, 0, 0, 0, 1, 2
"c:\Users\robot\Documents\GitHub\bakalauras\Front\Frontend\src\@layouts\styles\_classes.scss", "SCSS", 0, 0, 0, 0, 0, 0, 0, 0, 0, 0, 0, 3, 0, 0, 0, 1, 4
"c:\Users\robot\Documents\GitHub\bakalauras\Front\Frontend\src\@layouts\styles\_default-layout.scss", "SCSS", 0, 0, 0, 0, 0, 0, 0, 0, 0, 0, 0, 26, 0, 0, 2, 8, 36
"c:\Users\robot\Documents\GitHub\bakalauras\Front\Frontend\src\@layouts\styles\_global.scss", "SCSS", 0, 0, 0, 0, 0, 0, 0, 0, 0, 0, 0, 9, 0, 0, 0, 2, 11
"c:\Users\robot\Documents\GitHub\bakalauras\Front\Frontend\src\@layouts\styles\_mixins.scss", "SCSS", 0, 0, 0, 0, 0, 0, 0, 0, 0, 0, 0, 26, 0, 0, 1, 4, 31
"c:\Users\robot\Documents\GitHub\bakalauras\Front\Frontend\src\@layouts\styles\_placeholders.scss", "SCSS", 0, 0, 0, 0, 0, 0, 0, 0, 0, 0, 0, 35, 0, 0, 8, 11, 54
"c:\Users\robot\Documents\GitHub\bakalauras\Front\Frontend\src\@layouts\styles\_rtl.scss", "SCSS", 0, 0, 0, 0, 0, 0, 0, 0, 0, 0, 0, 6, 0, 0, 0, 2, 8
"c:\Users\robot\Documents\GitHub\bakalauras\Front\Frontend\src\@layouts\styles\_variables.scss", "SCSS", 0, 0, 0, 0, 0, 0, 0, 0, 0, 0, 0, 14, 0, 0, 8, 8, 30
"c:\Users\robot\Documents\GitHub\bakalauras\Front\Frontend\src\@layouts\styles\index.scss", "SCSS", 0, 0, 0, 0, 0, 0, 0, 0, 0, 0, 0, 3, 0, 0, 0, 1, 4
"c:\Users\robot\Documents\GitHub\bakalauras\Front\Frontend\src\@layouts\types.ts", "TypeScript", 0, 0, 0, 48, 0, 0, 0, 0, 0, 0, 0, 0, 0, 0, 4, 8, 60
"c:\Users\robot\Documents\GitHub\bakalauras\Front\Frontend\src\@layouts\utils.ts", "TypeScript", 0, 0, 0, 8, 0, 0, 0, 0, 0, 0, 0, 0, 0, 0, 5, 5, 18
"c:\Users\robot\Documents\GitHub\bakalauras\Front\Frontend\src\App.vue", "vue", 0, 0, 0, 0, 0, 0, 0, 0, 0, 0, 0, 0, 5, 0, 0, 1, 6
"c:\Users\robot\Documents\GitHub\bakalauras\Front\Frontend\src\assets\images\logo.svg", "XML", 12, 0, 0, 0, 0, 0, 0, 0, 0, 0, 0, 0, 0, 0, 0, 1, 13
"c:\Users\robot\Documents\GitHub\bakalauras\Front\Frontend\src\assets\images\svg\checkbox-checked.svg", "XML", 4, 0, 0, 0, 0, 0, 0, 0, 0, 0, 0, 0, 0, 0, 0, 1, 5
"c:\Users\robot\Documents\GitHub\bakalauras\Front\Frontend\src\assets\images\svg\checkbox-indeterminate.svg", "XML", 4, 0, 0, 0, 0, 0, 0, 0, 0, 0, 0, 0, 0, 0, 0, 1, 5
"c:\Users\robot\Documents\GitHub\bakalauras\Front\Frontend\src\assets\images\svg\checkbox-unchecked.svg", "XML", 3, 0, 0, 0, 0, 0, 0, 0, 0, 0, 0, 0, 0, 0, 0, 1, 4
"c:\Users\robot\Documents\GitHub\bakalauras\Front\Frontend\src\assets\images\svg\radio-checked.svg", "XML", 3, 0, 0, 0, 0, 0, 0, 0, 0, 0, 0, 0, 0, 0, 0, 1, 4
"c:\Users\robot\Documents\GitHub\bakalauras\Front\Frontend\src\assets\images\svg\radio-unchecked.svg", "XML", 3, 0, 0, 0, 0, 0, 0, 0, 0, 0, 0, 0, 0, 0, 0, 1, 4
"c:\Users\robot\Documents\GitHub\bakalauras\Front\Frontend\src\assets\styles\styles.scss", "SCSS", 0, 0, 0, 0, 0, 0, 0, 0, 0, 0, 0, 0, 0, 0, 1, 1, 2
"c:\Users\robot\Documents\GitHub\bakalauras\Front\Frontend\src\assets\styles\variables\_template.scss", "SCSS", 0, 0, 0, 0, 0, 0, 0, 0, 0, 0, 0, 1, 0, 0, 4, 2, 7
"c:\Users\robot\Documents\GitHub\bakalauras\Front\Frontend\src\assets\styles\variables\_vuetify.scss", "SCSS", 0, 0, 0, 0, 0, 0, 0, 0, 0, 0, 0, 1, 0, 0, 5, 2, 8
"c:\Users\robot\Documents\GitHub\bakalauras\Front\Frontend\src\components\ErrorHeader.vue", "vue", 0, 0, 0, 0, 0, 0, 0, 0, 0, 0, 0, 0, 33, 0, 1, 4, 38
"c:\Users\robot\Documents\GitHub\bakalauras\Front\Frontend\src\components\MetricsChart.vue", "vue", 0, 0, 0, 0, 0, 0, 0, 0, 0, 0, 0, 0, 100, 0, 0, 10, 110
"c:\Users\robot\Documents\GitHub\bakalauras\Front\Frontend\src\components\PointCloudViewer.vue", "vue", 0, 0, 0, 0, 0, 0, 0, 0, 0, 0, 0, 0, 89, 0, 0, 31, 120
"c:\Users\robot\Documents\GitHub\bakalauras\Front\Frontend\src\layouts\blank.vue", "vue", 0, 0, 0, 0, 0, 0, 0, 0, 0, 0, 0, 0, 13, 0, 0, 2, 15
"c:\Users\robot\Documents\GitHub\bakalauras\Front\Frontend\src\layouts\components\DefaultLayoutWithVerticalNav.vue", "vue", 0, 0, 0, 0, 0, 0, 0, 0, 0, 0, 0, 0, 76, 0, 4, 15, 95
"c:\Users\robot\Documents\GitHub\bakalauras\Front\Frontend\src\layouts\components\Footer.vue", "vue", 0, 0, 0, 0, 0, 0, 0, 0, 0, 0, 0, 0, 20, 0, 2, 1, 23
"c:\Users\robot\Documents\GitHub\bakalauras\Front\Frontend\src\layouts\components\NavItems.vue", "vue", 0, 0, 0, 0, 0, 0, 0, 0, 0, 0, 0, 0, 19, 0, 0, 4, 23
"c:\Users\robot\Documents\GitHub\bakalauras\Front\Frontend\src\layouts\components\NavbarThemeSwitcher.vue", "vue", 0, 0, 0, 0, 0, 0, 0, 0, 0, 0, 0, 0, 16, 0, 0, 3, 19
"c:\Users\robot\Documents\GitHub\bakalauras\Front\Frontend\src\layouts\components\UserProfile.vue", "vue", 0, 0, 0, 0, 0, 0, 0, 0, 0, 0, 0, 0, 72, 0, 4, 8, 84
"c:\Users\robot\Documents\GitHub\bakalauras\Front\Frontend\src\layouts\default.vue", "vue", 0, 0, 0, 0, 0, 0, 0, 0, 0, 0, 0, 0, 12, 0, 0, 3, 15
"c:\Users\robot\Documents\GitHub\bakalauras\Front\Frontend\src\main.ts", "TypeScript", 0, 0, 0, 8, 0, 0, 0, 0, 0, 0, 0, 0, 0, 0, 4, 6, 18
"c:\Users\robot\Documents\GitHub\bakalauras\Front\Frontend\src\pages\[...error].vue", "vue", 0, 0, 0, 0, 0, 0, 0, 0, 0, 0, 0, 0, 52, 0, 2, 9, 63
"c:\Users\robot\Documents\GitHub\bakalauras\Front\Frontend\src\pages\account-settings.vue", "vue", 0, 0, 0, 0, 0, 0, 0, 0, 0, 0, 0, 0, 51, 0, 3, 8, 62
"c:\Users\robot\Documents\GitHub\bakalauras\Front\Frontend\src\pages\dashboard.vue", "vue", 0, 0, 0, 0, 0, 0, 0, 0, 0, 0, 0, 0, 494, 0, 8, 69, 571
"c:\Users\robot\Documents\GitHub\bakalauras\Front\Frontend\src\pages\login.vue", "vue", 0, 0, 0, 0, 0, 0, 0, 0, 0, 0, 0, 0, 131, 0, 7, 22, 160
"c:\Users\robot\Documents\GitHub\bakalauras\Front\Frontend\src\pages\prediction-history.vue", "vue", 0, 0, 0, 0, 0, 0, 0, 0, 0, 0, 0, 0, 175, 0, 0, 14, 189
"c:\Users\robot\Documents\GitHub\bakalauras\Front\Frontend\src\pages\register.vue", "vue", 0, 0, 0, 0, 0, 0, 0, 0, 0, 0, 0, 0, 152, 0, 6, 22, 180
"c:\Users\robot\Documents\GitHub\bakalauras\Front\Frontend\src\plugins\iconify\build-icons.ts", "TypeScript", 0, 0, 0, 138, 0, 0, 0, 0, 0, 0, 0, 0, 0, 0, 93, 56, 287
"c:\Users\robot\Documents\GitHub\bakalauras\Front\Frontend\src\plugins\iconify\index.ts", "TypeScript", 0, 0, 0, 3, 0, 0, 0, 0, 0, 0, 0, 0, 0, 0, 1, 2, 6
"c:\Users\robot\Documents\GitHub\bakalauras\Front\Frontend\src\plugins\iconify\package.json", "JSON", 0, 0, 0, 0, 0, 0, 0, 3, 0, 0, 0, 0, 0, 0, 0, 1, 4
"c:\Users\robot\Documents\GitHub\bakalauras\Front\Frontend\src\plugins\pinia.ts", "TypeScript", 0, 0, 0, 6, 0, 0, 0, 0, 0, 0, 0, 0, 0, 0, 0, 3, 9
"c:\Users\robot\Documents\GitHub\bakalauras\Front\Frontend\src\plugins\router\index.ts", "TypeScript", 0, 0, 0, 25, 0, 0, 0, 0, 0, 0, 0, 0, 0, 0, 0, 5, 30
"c:\Users\robot\Documents\GitHub\bakalauras\Front\Frontend\src\plugins\router\routes.ts", "TypeScript", 0, 0, 0, 40, 0, 0, 0, 0, 0, 0, 0, 0, 0, 0, 0, 1, 41
"c:\Users\robot\Documents\GitHub\bakalauras\Front\Frontend\src\plugins\vuetify\defaults.ts", "TypeScript", 0, 0, 0, 132, 0, 0, 0, 0, 0, 0, 0, 0, 0, 0, 11, 1, 144
"c:\Users\robot\Documents\GitHub\bakalauras\Front\Frontend\src\plugins\vuetify\icons.ts", "TypeScript", 0, 0, 0, 72, 0, 0, 0, 0, 0, 0, 0, 0, 0, 0, 5, 10, 87
"c:\Users\robot\Documents\GitHub\bakalauras\Front\Frontend\src\plugins\vuetify\index.ts", "TypeScript", 0, 0, 0, 22, 0, 0, 0, 0, 0, 0, 0, 0, 0, 0, 1, 6, 29
"c:\Users\robot\Documents\GitHub\bakalauras\Front\Frontend\src\plugins\vuetify\theme.ts", "TypeScript", 0, 0, 0, 140, 0, 0, 0, 0, 0, 0, 0, 0, 0, 0, 2, 9, 151
"c:\Users\robot\Documents\GitHub\bakalauras\Front\Frontend\src\plugins\webfontloader.ts", "TypeScript", 0, 0, 0, 12, 0, 0, 0, 0, 0, 0, 0, 0, 0, 0, 5, 4, 21
"c:\Users\robot\Documents\GitHub\bakalauras\Front\Frontend\src\stores\authStore.ts", "TypeScript", 0, 0, 0, 46, 0, 0, 0, 0, 0, 0, 0, 0, 0, 0, 0, 9, 55
"c:\Users\robot\Documents\GitHub\bakalauras\Front\Frontend\src\utils\axiosSetup.ts", "TypeScript", 0, 0, 0, 33, 0, 0, 0, 0, 0, 0, 0, 0, 0, 0, 0, 11, 44
"c:\Users\robot\Documents\GitHub\bakalauras\Front\Frontend\src\utils\paginationMeta.ts", "TypeScript", 0, 0, 0, 5, 0, 0, 0, 0, 0, 0, 0, 0, 0, 0, 0, 2, 7
"c:\Users\robot\Documents\GitHub\bakalauras\Front\Frontend\src\views\dashboard\AnalyticsAward.vue", "vue", 0, 0, 0, 0, 0, 0, 0, 0, 0, 0, 0, 0, 38, 0, 1, 4, 43
"c:\Users\robot\Documents\GitHub\bakalauras\Front\Frontend\src\views\dashboard\AnalyticsBarCharts.vue", "vue", 0, 0, 0, 0, 0, 0, 0, 0, 0, 0, 0, 0, 123, 0, 0, 9, 132
"c:\Users\robot\Documents\GitHub\bakalauras\Front\Frontend\src\views\dashboard\AnalyticsDepositWithdraw.vue", "vue", 0, 0, 0, 0, 0, 0, 0, 0, 0, 0, 0, 0, 180, 0, 0, 15, 195
"c:\Users\robot\Documents\GitHub\bakalauras\Front\Frontend\src\views\dashboard\AnalyticsSalesByCountries.vue", "vue", 0, 0, 0, 0, 0, 0, 0, 0, 0, 0, 0, 0, 115, 0, 0, 9, 124
"c:\Users\robot\Documents\GitHub\bakalauras\Front\Frontend\src\views\dashboard\AnalyticsTotalEarning.vue", "vue", 0, 0, 0, 0, 0, 0, 0, 0, 0, 0, 0, 0, 101, 0, 0, 11, 112
"c:\Users\robot\Documents\GitHub\bakalauras\Front\Frontend\src\views\dashboard\AnalyticsTotalProfitLineCharts.vue", "vue", 0, 0, 0, 0, 0, 0, 0, 0, 0, 0, 0, 0, 88, 0, 0, 7, 95
"c:\Users\robot\Documents\GitHub\bakalauras\Front\Frontend\src\views\dashboard\AnalyticsTransactions.vue", "vue", 0, 0, 0, 0, 0, 0, 0, 0, 0, 0, 0, 0, 78, 0, 0, 6, 84
"c:\Users\robot\Documents\GitHub\bakalauras\Front\Frontend\src\views\dashboard\AnalyticsUserTable.vue", "vue", 0, 0, 0, 0, 0, 0, 0, 0, 0, 0, 0, 0, 202, 0, 4, 12, 218
"c:\Users\robot\Documents\GitHub\bakalauras\Front\Frontend\src\views\dashboard\AnalyticsWeeklyOverview.vue", "vue", 0, 0, 0, 0, 0, 0, 0, 0, 0, 0, 0, 0, 127, 0, 0, 13, 140
"c:\Users\robot\Documents\GitHub\bakalauras\Front\Frontend\src\views\pages\account-settings\AccountSettingsAccount.vue", "vue", 0, 0, 0, 0, 0, 0, 0, 0, 0, 0, 0, 0, 315, 0, 17, 32, 364
"c:\Users\robot\Documents\GitHub\bakalauras\Front\Frontend\src\views\pages\account-settings\AccountSettingsNotification.vue", "vue", 0, 0, 0, 0, 0, 0, 0, 0, 0, 0, 0, 0, 108, 0, 0, 7, 115
"c:\Users\robot\Documents\GitHub\bakalauras\Front\Frontend\src\views\pages\account-settings\AccountSettingsSecurity.vue", "vue", 0, 0, 0, 0, 0, 0, 0, 0, 0, 0, 0, 0, 290, 0, 24, 20, 334
"c:\Users\robot\Documents\GitHub\bakalauras\Front\Frontend\src\views\pages\authentication\AuthProvider.vue", "vue", 0, 0, 0, 0, 0, 0, 0, 0, 0, 0, 0, 0, 35, 0, 0, 4, 39
"c:\Users\robot\Documents\GitHub\bakalauras\Front\Frontend\src\views\pages\cards\card-basic\CardBasic.vue", "vue", 0, 0, 0, 0, 0, 0, 0, 0, 0, 0, 0, 0, 402, 0, 13, 61, 476
"c:\Users\robot\Documents\GitHub\bakalauras\Front\Frontend\src\views\pages\cards\card-basic\CardNavigation.vue", "vue", 0, 0, 0, 0, 0, 0, 0, 0, 0, 0, 0, 0, 78, 0, 2, 9, 89
"c:\Users\robot\Documents\GitHub\bakalauras\Front\Frontend\src\views\pages\cards\card-basic\CardSolid.vue", "vue", 0, 0, 0, 0, 0, 0, 0, 0, 0, 0, 0, 0, 91, 0, 0, 7, 98
"c:\Users\robot\Documents\GitHub\bakalauras\Front\Frontend\src\views\pages\form-layouts\DemoFormLayoutHorizontalForm.vue", "vue", 0, 0, 0, 0, 0, 0, 0, 0, 0, 0, 0, 0, 143, 0, 6, 11, 160
"c:\Users\robot\Documents\GitHub\bakalauras\Front\Frontend\src\views\pages\form-layouts\DemoFormLayoutHorizontalFormWithIcons.vue", "vue", 0, 0, 0, 0, 0, 0, 0, 0, 0, 0, 0, 0, 147, 0, 6, 11, 164
"c:\Users\robot\Documents\GitHub\bakalauras\Front\Frontend\src\views\pages\form-layouts\DemoFormLayoutMultipleColumn.vue", "vue", 0, 0, 0, 0, 0, 0, 0, 0, 0, 0, 0, 0, 96, 0, 7, 10, 113
"c:\Users\robot\Documents\GitHub\bakalauras\Front\Frontend\src\views\pages\form-layouts\DemoFormLayoutVerticalForm.vue", "vue", 0, 0, 0, 0, 0, 0, 0, 0, 0, 0, 0, 0, 66, 0, 0, 8, 74
"c:\Users\robot\Documents\GitHub\bakalauras\Front\Frontend\src\views\pages\form-layouts\DemoFormLayoutVerticalFormWithIcons.vue", "vue", 0, 0, 0, 0, 0, 0, 0, 0, 0, 0, 0, 0, 70, 0, 0, 8, 78
"c:\Users\robot\Documents\GitHub\bakalauras\Front\Frontend\src\views\pages\tables\DemoSimpleTableBasics.vue", "vue", 0, 0, 0, 0, 0, 0, 0, 0, 0, 0, 0, 0, 84, 0, 0, 3, 87
"c:\Users\robot\Documents\GitHub\bakalauras\Front\Frontend\src\views\pages\tables\DemoSimpleTableDensity.vue", "vue", 0, 0, 0, 0, 0, 0, 0, 0, 0, 0, 0, 0, 84, 0, 0, 3, 87
"c:\Users\robot\Documents\GitHub\bakalauras\Front\Frontend\src\views\pages\tables\DemoSimpleTableFixedHeader.vue", "vue", 0, 0, 0, 0, 0, 0, 0, 0, 0, 0, 0, 0, 87, 0, 0, 3, 90
"c:\Users\robot\Documents\GitHub\bakalauras\Front\Frontend\src\views\pages\tables\DemoSimpleTableHeight.vue", "vue", 0, 0, 0, 0, 0, 0, 0, 0, 0, 0, 0, 0, 84, 0, 0, 3, 87
"c:\Users\robot\Documents\GitHub\bakalauras\Front\Frontend\src\views\pages\tables\DemoSimpleTableTheme.vue", "vue", 0, 0, 0, 0, 0, 0, 0, 0, 0, 0, 0, 0, 84, 0, 0, 3, 87
"c:\Users\robot\Documents\GitHub\bakalauras\Front\Frontend\src\views\user-interface\form-layouts\DemoFormLayoutHorizontalForm.vue", "vue", 0, 0, 0, 0, 0, 0, 0, 0, 0, 0, 0, 0, 126, 0, 6, 11, 143
"c:\Users\robot\Documents\GitHub\bakalauras\Front\Frontend\src\views\user-interface\form-layouts\DemoFormLayoutHorizontalFormWithIcons.vue", "vue", 0, 0, 0, 0, 0, 0, 0, 0, 0, 0, 0, 0, 130, 0, 6, 11, 147
"c:\Users\robot\Documents\GitHub\bakalauras\Front\Frontend\src\views\user-interface\form-layouts\DemoFormLayoutMultipleColumn.vue", "vue", 0, 0, 0, 0, 0, 0, 0, 0, 0, 0, 0, 0, 96, 0, 7, 10, 113
"c:\Users\robot\Documents\GitHub\bakalauras\Front\Frontend\src\views\user-interface\form-layouts\DemoFormLayoutVerticalForm.vue", "vue", 0, 0, 0, 0, 0, 0, 0, 0, 0, 0, 0, 0, 65, 0, 0, 8, 73
"c:\Users\robot\Documents\GitHub\bakalauras\Front\Frontend\src\views\user-interface\form-layouts\DemoFormLayoutVerticalFormWithIcons.vue", "vue", 0, 0, 0, 0, 0, 0, 0, 0, 0, 0, 0, 0, 69, 0, 0, 8, 77
"c:\Users\robot\Documents\GitHub\bakalauras\Front\Frontend\src\views\user-interface\tables\TableBasic.vue", "vue", 0, 0, 0, 0, 0, 0, 0, 0, 0, 0, 0, 0, 82, 0, 0, 2, 84
"c:\Users\robot\Documents\GitHub\bakalauras\Front\Frontend\src\views\user-interface\tables\TableDark.vue", "vue", 0, 0, 0, 0, 0, 0, 0, 0, 0, 0, 0, 0, 87, 0, 0, 3, 90
"c:\Users\robot\Documents\GitHub\bakalauras\Front\Frontend\src\views\user-interface\tables\TableDensity.vue", "vue", 0, 0, 0, 0, 0, 0, 0, 0, 0, 0, 0, 0, 82, 0, 0, 2, 84
"c:\Users\robot\Documents\GitHub\bakalauras\Front\Frontend\src\views\user-interface\tables\TableFixedHeader.vue", "vue", 0, 0, 0, 0, 0, 0, 0, 0, 0, 0, 0, 0, 85, 0, 0, 2, 87
"c:\Users\robot\Documents\GitHub\bakalauras\Front\Frontend\src\views\user-interface\tables\TableHeight.vue", "vue", 0, 0, 0, 0, 0, 0, 0, 0, 0, 0, 0, 0, 82, 0, 0, 2, 84
"c:\Users\robot\Documents\GitHub\bakalauras\Front\Frontend\src\views\user-interface\typography\TypographyHeadlines.vue", "vue", 0, 0, 0, 0, 0, 0, 0, 0, 0, 0, 0, 0, 42, 0, 0, 6, 48
"c:\Users\robot\Documents\GitHub\bakalauras\Front\Frontend\src\views\user-interface\typography\TypographyTexts.vue", "vue", 0, 0, 0, 0, 0, 0, 0, 0, 0, 0, 0, 0, 116, 0, 0, 6, 122
"c:\Users\robot\Documents\GitHub\bakalauras\Front\Frontend\tsconfig.json", "JSON with Comments", 0, 0, 65, 0, 0, 0, 0, 0, 0, 0, 0, 0, 0, 0, 0, 1, 66
"c:\Users\robot\Documents\GitHub\bakalauras\Front\Frontend\vite.config.ts", "TypeScript", 0, 0, 0, 55, 0, 0, 0, 0, 0, 0, 0, 0, 0, 0, 5, 5, 65
"c:\Users\robot\Documents\GitHub\bakalauras\Front\Frontend\vite.config.ts.timestamp-1743872457478-06e0998fab4e6.mjs", "JavaScript", 0, 0, 0, 0, 0, 0, 0, 0, 59, 0, 0, 0, 0, 0, 5, 1, 65
"c:\Users\robot\Documents\GitHub\bakalauras\README.md", "Markdown", 0, 0, 0, 0, 0, 0, 30, 0, 0, 0, 0, 0, 0, 0, 0, 8, 38
"c:\Users\robot\Documents\GitHub\bakalauras\ml\SaveBestModelParts.py", "Python", 0, 0, 0, 0, 0, 0, 0, 0, 0, 0, 0, 0, 0, 11, 0, 6, 17
"c:\Users\robot\Documents\GitHub\bakalauras\ml\Trainer.py", "Python", 0, 0, 0, 0, 0, 0, 0, 0, 0, 0, 0, 0, 0, 582, 0, 165, 747
"c:\Users\robot\Documents\GitHub\bakalauras\ml\Utils\DataReader.py", "Python", 0, 0, 0, 0, 0, 0, 0, 0, 0, 0, 0, 0, 0, 242, 0, 60, 302
"c:\Users\robot\Documents\GitHub\bakalauras\ml\Utils\DatasetProcessor.py", "Python", 0, 0, 0, 0, 0, 0, 0, 0, 0, 0, 0, 0, 0, 223, 0, 57, 280
"c:\Users\robot\Documents\GitHub\bakalauras\ml\Utils\PhotoGenerator.py", "Python", 0, 0, 0, 0, 0, 0, 0, 0, 0, 0, 0, 0, 0, 119, 0, 35, 154
"c:\Users\robot\Documents\GitHub\bakalauras\ml\Utils\PointCloudTransform.py", "Python", 0, 0, 0, 0, 0, 0, 0, 0, 0, 0, 0, 0, 0, 32, 0, 8, 40
"c:\Users\robot\Documents\GitHub\bakalauras\ml\__init__.py", "Python", 0, 0, 0, 0, 0, 0, 0, 0, 0, 0, 0, 0, 0, 0, 0, 1, 1
"c:\Users\robot\Documents\GitHub\bakalauras\ml\main.py", "Python", 0, 0, 0, 0, 0, 0, 0, 0, 0, 0, 0, 0, 0, 151, 0, 34, 185
"c:\Users\robot\Documents\GitHub\bakalauras\ml\models\Decoder.py", "Python", 0, 0, 0, 0, 0, 0, 0, 0, 0, 0, 0, 0, 0, 18, 0, 2, 20
"c:\Users\robot\Documents\GitHub\bakalauras\ml\models\Encoder.py", "Python", 0, 0, 0, 0, 0, 0, 0, 0, 0, 0, 0, 0, 0, 62, 1, 13, 76
"c:\Users\robot\Documents\GitHub\bakalauras\ml\models\Unet.py", "Python", 0, 0, 0, 0, 0, 0, 0, 0, 0, 0, 0, 0, 0, 49, 0, 13, 62
"c:\Users\robot\Documents\GitHub\bakalauras\requirements.txt", "pip requirements", 0, 0, 0, 0, 0, 126, 0, 0, 0, 0, 0, 0, 0, 0, 0, 1, 127
"c:\Users\robot\Documents\GitHub\bakalauras\server\api\__init__.py", "Python", 0, 0, 0, 0, 0, 0, 0, 0, 0, 0, 0, 0, 0, 0, 0, 2, 2
"c:\Users\robot\Documents\GitHub\bakalauras\server\api\ai\Trainer.py", "Python", 0, 0, 0, 0, 0, 0, 0, 0, 0, 0, 0, 0, 0, 582, 0, 165, 747
"c:\Users\robot\Documents\GitHub\bakalauras\server\api\ai\__init__.py", "Python", 0, 0, 0, 0, 0, 0, 0, 0, 0, 0, 0, 0, 0, 0, 0, 1, 1
"c:\Users\robot\Documents\GitHub\bakalauras\server\api\ai\models\Decoder.py", "Python", 0, 0, 0, 0, 0, 0, 0, 0, 0, 0, 0, 0, 0, 18, 0, 2, 20
"c:\Users\robot\Documents\GitHub\bakalauras\server\api\ai\models\Encoder.py", "Python", 0, 0, 0, 0, 0, 0, 0, 0, 0, 0, 0, 0, 0, 62, 1, 13, 76
"c:\Users\robot\Documents\GitHub\bakalauras\server\api\ai\models\Unet.py", "Python", 0, 0, 0, 0, 0, 0, 0, 0, 0, 0, 0, 0, 0, 49, 0, 13, 62
"c:\Users\robot\Documents\GitHub\bakalauras\server\api\auth\__init__.py", "Python", 0, 0, 0, 0, 0, 0, 0, 0, 0, 0, 0, 0, 0, 0, 0, 1, 1
"c:\Users\robot\Documents\GitHub\bakalauras\server\api\auth\models\auth_models.py", "Python", 0, 0, 0, 0, 0, 0, 0, 0, 0, 0, 0, 0, 0, 8, 0, 1, 9
"c:\Users\robot\Documents\GitHub\bakalauras\server\api\auth\serializers\auth_serializers.py", "Python", 0, 0, 0, 0, 0, 0, 0, 0, 0, 0, 0, 0, 0, 35, 0, 12, 47
"c:\Users\robot\Documents\GitHub\bakalauras\server\api\auth\views\auth_views.py", "Python", 0, 0, 0, 0, 0, 0, 0, 0, 0, 0, 0, 0, 0, 128, 0, 34, 162
"c:\Users\robot\Documents\GitHub\bakalauras\server\api\authentication.py", "Python", 0, 0, 0, 0, 0, 0, 0, 0, 0, 0, 0, 0, 0, 30, 0, 4, 34
"c:\Users\robot\Documents\GitHub\bakalauras\server\api\prediction\__init__.py", "Python", 0, 0, 0, 0, 0, 0, 0, 0, 0, 0, 0, 0, 0, 0, 0, 1, 1
"c:\Users\robot\Documents\GitHub\bakalauras\server\api\prediction\models\prediction_models.py", "Python", 0, 0, 0, 0, 0, 0, 0, 0, 0, 0, 0, 0, 0, 18, 0, 3, 21
"c:\Users\robot\Documents\GitHub\bakalauras\server\api\prediction\serializers\prediction_result_serializer.py", "Python", 0, 0, 0, 0, 0, 0, 0, 0, 0, 0, 0, 0, 0, 16, 0, 3, 19
"c:\Users\robot\Documents\GitHub\bakalauras\server\api\prediction\services\prediction_service.py", "Python", 0, 0, 0, 0, 0, 0, 0, 0, 0, 0, 0, 0, 0, 152, 0, 51, 203
"c:\Users\robot\Documents\GitHub\bakalauras\server\api\prediction\views\prediction_view.py", "Python", 0, 0, 0, 0, 0, 0, 0, 0, 0, 0, 0, 0, 0, 108, 0, 27, 135
"c:\Users\robot\Documents\GitHub\bakalauras\server\api\urls.py", "Python", 0, 0, 0, 0, 0, 0, 0, 0, 0, 0, 0, 0, 0, 18, 0, 3, 21
"c:\Users\robot\Documents\GitHub\bakalauras\server\api\user\__init__.py", "Python", 0, 0, 0, 0, 0, 0, 0, 0, 0, 0, 0, 0, 0, 0, 0, 1, 1
"c:\Users\robot\Documents\GitHub\bakalauras\server\api\user\models\user_models.py", "Python", 0, 0, 0, 0, 0, 0, 0, 0, 0, 0, 0, 0, 0, 32, 0, 10, 42
"c:\Users\robot\Documents\GitHub\bakalauras\server\api\user\serializers\user_serializers.py", "Python", 0, 0, 0, 0, 0, 0, 0, 0, 0, 0, 0, 0, 0, 8, 0, 2, 10
"c:\Users\robot\Documents\GitHub\bakalauras\server\api\user\views\user_views.py", "Python", 0, 0, 0, 0, 0, 0, 0, 0, 0, 0, 0, 0, 0, 18, 0, 4, 22
"c:\Users\robot\Documents\GitHub\bakalauras\server\bakis\__init__.py", "Python", 0, 0, 0, 0, 0, 0, 0, 0, 0, 0, 0, 0, 0, 0, 0, 1, 1
"c:\Users\robot\Documents\GitHub\bakalauras\server\bakis\asgi.py", "Python", 0, 0, 0, 0, 0, 0, 0, 0, 0, 0, 0, 0, 0, 10, 0, 7, 17
"c:\Users\robot\Documents\GitHub\bakalauras\server\bakis\settings.py", "Python", 0, 0, 0, 0, 0, 0, 0, 0, 0, 0, 0, 0, 0, 219, 21, 47, 287
"c:\Users\robot\Documents\GitHub\bakalauras\server\bakis\urls.py", "Python", 0, 0, 0, 0, 0, 0, 0, 0, 0, 0, 0, 0, 0, 23, 0, 3, 26
"c:\Users\robot\Documents\GitHub\bakalauras\server\bakis\wsgi.py", "Python", 0, 0, 0, 0, 0, 0, 0, 0, 0, 0, 0, 0, 0, 10, 0, 7, 17
"c:\Users\robot\Documents\GitHub\bakalauras\server\docker-compose.yml", "YAML", 0, 0, 0, 0, 0, 0, 0, 0, 0, 15, 0, 0, 0, 0, 0, 2, 17
"c:\Users\robot\Documents\GitHub\bakalauras\server\manage.py", "Python", 0, 0, 0, 0, 0, 0, 0, 0, 0, 0, 0, 0, 0, 17, 1, 5, 23
"Total", "-", 64, 2, 65, 1592, 47, 126, 51, 12134, 239, 5617, 67, 3111, 6645, 3050, 862, 3988, 37660